{"2016": {"02": {"RainPercent": 0.10656620021528525, "Freezing": 250, "WindyPercent": 0.021528525296017224, "Rain": 99, "Snow": 62, "LowVisbilityPercent": 0.1216361679224973, "Windy": 20, "SnowPercent": 0.06673842841765339, "LowVisibility": 113, "FreezingPercent": 0.2691065662002153, "Total": 929}, "03": {"RainPercent": 0.06514285714285714, "Freezing": 80, "WindyPercent": 0.027428571428571427, "Rain": 57, "Snow": 73, "LowVisbilityPercent": 0.07085714285714285, "Windy": 24, "SnowPercent": 0.08342857142857144, "LowVisibility": 62, "FreezingPercent": 0.09142857142857143, "Total": 875}, "01": {"RainPercent": 0.05282112845138055, "Freezing": 330, "WindyPercent": 0.028811524609843937, "Rain": 44, "Snow": 62, "LowVisbilityPercent": 0.0744297719087635, "Windy": 24, "SnowPercent": 0.0744297719087635, "LowVisibility": 62, "FreezingPercent": 0.39615846338535415, "Total": 833}, "06": {"RainPercent": 0.06197854588796186, "Freezing": 0, "WindyPercent": 0.0011918951132300357, "Rain": 52, "Snow": 0, "LowVisbilityPercent": 0.04648390941597139, "Windy": 1, "SnowPercent": 0.0, "LowVisibility": 39, "FreezingPercent": 0.0, "Total": 839}, "07": {"RainPercent": 0.1356297093649085, "Freezing": 0, "WindyPercent": 0.002152852529601722, "Rain": 126, "Snow": 0, "LowVisbilityPercent": 0.0721205597416577, "Windy": 2, "SnowPercent": 0.0, "LowVisibility": 67, "FreezingPercent": 0.0, "Total": 929}, "04": {"RainPercent": 0.06845637583892618, "Freezing": 28, "WindyPercent": 0.012080536912751677, "Rain": 51, "Snow": 1, "LowVisbilityPercent": 0.010738255033557046, "Windy": 9, "SnowPercent": 0.0013422818791946308, "LowVisibility": 8, "FreezingPercent": 0.03758389261744966, "Total": 745}, "05": {"RainPercent": 0.1248642779587405, "Freezing": 0, "WindyPercent": 0.0010857763300760044, "Rain": 115, "Snow": 0, "LowVisbilityPercent": 0.051031487513572206, "Windy": 1, "SnowPercent": 0.0, "LowVisibility": 47, "FreezingPercent": 0.0, "Total": 921}, "08": {"RainPercent": 0.05497076023391813, "Freezing": 0, "WindyPercent": 0.0, "Rain": 47, "Snow": 0, "LowVisbilityPercent": 0.022222222222222223, "Windy": 0, "SnowPercent": 0.0, "LowVisibility": 19, "FreezingPercent": 0.0, "Total": 855}, "09": {"RainPercent": 0.08233890214797136, "Freezing": 0, "WindyPercent": 0.0011933174224343676, "Rain": 69, "Snow": 0, "LowVisbilityPercent": 0.04295942720763723, "Windy": 1, "SnowPercent": 0.0, "LowVisibility": 36, "FreezingPercent": 0.0, "Total": 838}, "12": {"RainPercent": 0.10948081264108352, "Freezing": 174, "WindyPercent": 0.007900677200902935, "Rain": 97, "Snow": 26, "LowVisbilityPercent": 0.08465011286681716, "Windy": 7, "SnowPercent": 0.029345372460496615, "LowVisibility": 75, "FreezingPercent": 0.1963882618510158, "Total": 886}, "11": {"RainPercent": 0.13027744270205066, "Freezing": 1, "WindyPercent": 0.016887816646562123, "Rain": 108, "Snow": 4, "LowVisbilityPercent": 0.06513872135102533, "Windy": 14, "SnowPercent": 0.0048250904704463205, "LowVisibility": 54, "FreezingPercent": 0.0012062726176115801, "Total": 829}, "10": {"RainPercent": 0.12513484358144553, "Freezing": 0, "WindyPercent": 0.008629989212513484, "Rain": 116, "Snow": 0, "LowVisbilityPercent": 0.05393743257820928, "Windy": 8, "SnowPercent": 0.0, "LowVisibility": 50, "FreezingPercent": 0.0, "Total": 927}}, "2017": {"02": {"RainPercent": 0.05597964376590331, "Freezing": 173, "WindyPercent": 0.013994910941475827, "Rain": 44, "Snow": 30, "LowVisbilityPercent": 0.09414758269720101, "Windy": 11, "SnowPercent": 0.03816793893129771, "LowVisibility": 74, "FreezingPercent": 0.22010178117048346, "Total": 786}, "03": {"RainPercent": 0.11661166116611661, "Freezing": 260, "WindyPercent": 0.0352035203520352, "Rain": 106, "Snow": 49, "LowVisbilityPercent": 0.0858085808580858, "Windy": 32, "SnowPercent": 0.0539053905390539, "LowVisibility": 78, "FreezingPercent": 0.28602860286028603, "Total": 909}, "01": {"RainPercent": 0.14216634429400388, "Freezing": 271, "WindyPercent": 0.02611218568665377, "Rain": 147, "Snow": 83, "LowVisbilityPercent": 0.12282398452611218, "Windy": 27, "SnowPercent": 0.08027079303675048, "LowVisibility": 127, "FreezingPercent": 0.2620889748549323, "Total": 1034}, "06": {"Total": 0}, "04": {"RainPercent": 0.11943539630836048, "Freezing": 1, "WindyPercent": 0.013029315960912053, "Rain": 110, "Snow": 0, "LowVisbilityPercent": 0.11834961997828447, "Windy": 12, "SnowPercent": 0.0, "LowVisibility": 109, "FreezingPercent": 0.0010857763300760044, "Total": 921}, "05": {"RainPercent": 0.09491525423728814, "Freezing": 0, "WindyPercent": 0.003389830508474576, "Rain": 28, "Snow": 0, "LowVisbilityPercent": 0.0847457627118644, "Windy": 1, "SnowPercent": 0.0, "LowVisibility": 25, "FreezingPercent": 0.0, "Total": 295}}, "2012": {"02": {"RainPercent": 0.07351077313054499, "Freezing": 91, "WindyPercent": 0.005069708491761723, "Rain": 58, "Snow": 42, "LowVisbilityPercent": 0.060836501901140684, "Windy": 4, "SnowPercent": 0.053231939163498096, "LowVisibility": 48, "FreezingPercent": 0.11533586818757921, "Total": 789}, "03": {"RainPercent": 0.0410958904109589, "Freezing": 34, "WindyPercent": 0.005707762557077625, "Rain": 36, "Snow": 0, "LowVisbilityPercent": 0.04223744292237443, "Windy": 5, "SnowPercent": 0.0, "LowVisibility": 37, "FreezingPercent": 0.03881278538812785, "Total": 876}, "01": {"RainPercent": 0.1051980198019802, "Freezing": 249, "WindyPercent": 0.01608910891089109, "Rain": 85, "Snow": 37, "LowVisbilityPercent": 0.11757425742574257, "Windy": 13, "SnowPercent": 0.04579207920792079, "LowVisibility": 95, "FreezingPercent": 0.30816831683168316, "Total": 808}, "06": {"RainPercent": 0.09415971394517282, "Freezing": 0, "WindyPercent": 0.0, "Rain": 79, "Snow": 0, "LowVisbilityPercent": 0.07032181168057211, "Windy": 0, "SnowPercent": 0.0, "LowVisibility": 59, "FreezingPercent": 0.0, "Total": 839}, "07": {"RainPercent": 0.09692132269099202, "Freezing": 1, "WindyPercent": 0.0034207525655644243, "Rain": 85, "Snow": 0, "LowVisbilityPercent": 0.052451539338654506, "Windy": 3, "SnowPercent": 0.0, "LowVisibility": 46, "FreezingPercent": 0.0011402508551881414, "Total": 877}, "04": {"RainPercent": 0.0885286783042394, "Freezing": 2, "WindyPercent": 0.00997506234413965, "Rain": 71, "Snow": 0, "LowVisbilityPercent": 0.048628428927680795, "Windy": 8, "SnowPercent": 0.0, "LowVisibility": 39, "FreezingPercent": 0.0024937655860349127, "Total": 802}, "05": {"RainPercent": 0.13488843813387424, "Freezing": 0, "WindyPercent": 0.0, "Rain": 133, "Snow": 0, "LowVisbilityPercent": 0.15517241379310345, "Windy": 0, "SnowPercent": 0.0, "LowVisibility": 153, "FreezingPercent": 0.0, "Total": 986}, "08": {"RainPercent": 0.0737073707370737, "Freezing": 2, "WindyPercent": 0.0, "Rain": 67, "Snow": 0, "LowVisbilityPercent": 0.03850385038503851, "Windy": 0, "SnowPercent": 0.0, "LowVisibility": 35, "FreezingPercent": 0.0022002200220022, "Total": 909}, "09": {"RainPercent": 0.06791569086651054, "Freezing": 3, "WindyPercent": 0.00234192037470726, "Rain": 58, "Snow": 0, "LowVisbilityPercent": 0.03161592505854801, "Windy": 2, "SnowPercent": 0.0, "LowVisibility": 27, "FreezingPercent": 0.00351288056206089, "Total": 854}, "12": {"RainPercent": 0.14060963618485742, "Freezing": 123, "WindyPercent": 0.046214355948869225, "Rain": 143, "Snow": 42, "LowVisbilityPercent": 0.12291052114060963, "Windy": 47, "SnowPercent": 0.04129793510324484, "LowVisibility": 125, "FreezingPercent": 0.12094395280235988, "Total": 1017}, "11": {"RainPercent": 0.022756005056890013, "Freezing": 23, "WindyPercent": 0.0012642225031605564, "Rain": 18, "Snow": 30, "LowVisbilityPercent": 0.04804045512010114, "Windy": 1, "SnowPercent": 0.03792667509481669, "LowVisibility": 38, "FreezingPercent": 0.029077117572692796, "Total": 791}, "10": {"RainPercent": 0.1232876712328767, "Freezing": 1, "WindyPercent": 0.037934668071654375, "Rain": 117, "Snow": 0, "LowVisbilityPercent": 0.07586933614330875, "Windy": 36, "SnowPercent": 0.0, "LowVisibility": 72, "FreezingPercent": 0.001053740779768177, "Total": 949}},